Event,Planning,Marketing,Venue Setup,Event Day,Post-Event
Music Festival,2024-01-15,2024-02-15,2024-03-15,2024-04-15,2024-05-15
Art Exhibition,2024-02-01,2024-02-28,2024-03-28,2024-04-28,2024-05-28
Theater Performance,2024-01-01,2024-02-01,2024-03-01,2024-04-01,2024-05-01
Film Festival,2024-01-15,2024-02-15,2024-03-15,2024-04-15,2024-05-15
Food Festival,2024-02-01,2024-02-28,2024-03-28,2024-04-28,2024-05-28
Cultural Parade,2024-01-15,2024-02-15,2024-03-15,2024-04-15,2024-05-15
Historical Reenactment,2024-01-15,2024-02-15,2024-03-15,2024-04-15,2024-05-15
Dance Performance,2024-02-01,2024-02-28,2024-03-28,2024-04-28,2024-05-28
Poetry Reading,2024-01-01,2024-02-01,2024-03-01,2024-04-01,2024-05-01
Craft Fair,2024-01-15,2024-02-15,2024-03-15,2024-04-15,2024-05-15
Book Signing,2024-02-01,2024-02-28,2024-03-28,2024-04-28,2024-05-28
Fashion Show,2024-01-01,2024-02-01,2024-03-01,2024-04-01,2024-05-01